tag,user
,
c#,"gbianchi,Moderador"
sql,jachguate
javascript,Carlos Muñoz
javascript,rnrneverdies
bash,fedorqui 'SO deja de dañar'
sql,sstan
css,Francisco Romero
c#,"Pikoh,Moderador"
javascript,Asier Villanueva
python,César
javascript,alanfcm
javascript,gugadev
javascript,ffflabs
javascript,Einer
php,Black Sheep
c#,fredyfx
javascript,devconcept
javascript,Bender Paisa
javascript,sioesi
php,OscarGarcia
javascript,Dev. Joel
c++,Trauma
regex,Mariano
javascript,Marcos
laravel,Shaz
python,abulafia
javascript,BetaM
,
,
javascript,alo Malbarez
javascript,Bryro
java,Jordi Castilla
sql,Lamak
php,Xerif
javascript,lois6b
,FedeFede
,
,"Comunidad,Moderador"
,learod
,Fermuch
,el_guiye
,Juan Sebastian Scatularo
java,pablo
sql,Marcos Crispino
html,Hoose
javascript,Jose Hermosilla Rodrigo
java,Klaimmore
javascript,David Leonardo Molina Ruiz Dav
php,Muriano
ruby-on-rails,Alter Lagos
